Sentiment,AvgLikes,AvgRetweets
Negative,252.1969696969697,111.20454545454545
Neutral,216.63076923076923,98.49230769230769
Positive,255.3398058252427,92.11650485436893
