AgeGroup,AvgLikes,AvgRetweets
Teen,261.08045977011494,97.80459770114942
Senior,249.71875,105.140625
Adult,223.4470588235294,101.2
